-- Dummy data for VHS Rental system
-- Inserts: genres, users (+favorite genres), vhs, rentals, reviews

-- Genres (8)
INSERT INTO genres (id, name) VALUES
  ('11111111-aaaa-4a1a-8000-000000000001', 'Science Fiction'),
  ('11111111-aaaa-4a1a-8000-000000000002', 'Action'),
  ('11111111-aaaa-4a1a-8000-000000000003', 'Drama'),
  ('11111111-aaaa-4a1a-8000-000000000004', 'Comedy'),
  ('11111111-aaaa-4a1a-8000-000000000005', 'Horror'),
  ('11111111-aaaa-4a1a-8000-000000000006', 'Fantasy'),
  ('11111111-aaaa-4a1a-8000-000000000007', 'Thriller'),
  ('11111111-aaaa-4a1a-8000-000000000008', 'Romance');

-- Users (5) - passwords are bcrypt hashes for "password"
INSERT INTO users (id, name, email, password) VALUES
  ('22222222-bbbb-4b2b-9000-000000000001', 'Alice Carter', 'alice@example.com', '$2a$10$7EqJtq98hPqEX7fNZaFWo.OPK8b.u.Y8XgZdQZ0cBeF59a9dXJ5Wy'),
  ('22222222-bbbb-4b2b-9000-000000000002', 'Brian King', 'brian@example.com', '$2a$10$7EqJtq98hPqEX7fNZaFWo.OPK8b.u.Y8XgZdQZ0cBeF59a9dXJ5Wy'),
  ('22222222-bbbb-4b2b-9000-000000000003', 'Chloe Smith', 'chloe@example.com', '$2a$10$7EqJtq98hPqEX7fNZaFWo.OPK8b.u.Y8XgZdQZ0cBeF59a9dXJ5Wy'),
  ('22222222-bbbb-4b2b-9000-000000000004', 'David Lee', 'david@example.com', '$2a$10$7EqJtq98hPqEX7fNZaFWo.OPK8b.u.Y8XgZdQZ0cBeF59a9dXJ5Wy'),
  ('22222222-bbbb-4b2b-9000-000000000005', 'Emma Jones', 'emma@example.com', '$2a$10$7EqJtq98hPqEX7fNZaFWo.OPK8b.u.Y8XgZdQZ0cBeF59a9dXJ5Wy');

-- Users favorite genres
INSERT INTO users_favorite_genres (user_id, favorite_genres_id) VALUES
  ('22222222-bbbb-4b2b-9000-000000000001', '11111111-aaaa-4a1a-8000-000000000001'),
  ('22222222-bbbb-4b2b-9000-000000000001', '11111111-aaaa-4a1a-8000-000000000004'),
  ('22222222-bbbb-4b2b-9000-000000000002', '11111111-aaaa-4a1a-8000-000000000002'),
  ('22222222-bbbb-4b2b-9000-000000000002', '11111111-aaaa-4a1a-8000-000000000007'),
  ('22222222-bbbb-4b2b-9000-000000000003', '11111111-aaaa-4a1a-8000-000000000003'),
  ('22222222-bbbb-4b2b-9000-000000000003', '11111111-aaaa-4a1a-8000-000000000006'),
  ('22222222-bbbb-4b2b-9000-000000000004', '11111111-aaaa-4a1a-8000-000000000005'),
  ('22222222-bbbb-4b2b-9000-000000000005', '11111111-aaaa-4a1a-8000-000000000008');

-- VHS titles (15) with varied prices and years
INSERT INTO vhs (id, title, release_date, genre_id, rental_price, stock_level, image_id, image_extension, status) VALUES
  ('33333333-cccc-4c3c-a000-000000000001', 'Star Voyager', '1999-07-16 00:00:00+00', '11111111-aaaa-4a1a-8000-000000000001', 6.50, 5, '44444444-dddd-4d4d-b000-000000000001', '.jpg', 'AVAILABLE'),
  ('33333333-cccc-4c3c-a000-000000000002', 'Night Pursuit', '2003-05-10 00:00:00+00', '11111111-aaaa-4a1a-8000-000000000002', 4.00, 6, '44444444-dddd-4d4d-b000-000000000002', '.png', 'AVAILABLE'),
  ('33333333-cccc-4c3c-a000-000000000003', 'Whispers in Rain', '2010-11-21 00:00:00+00', '11111111-aaaa-4a1a-8000-000000000003', 3.30, 4, '44444444-dddd-4d4d-b000-000000000003', '.jpg', 'AVAILABLE'),
  ('33333333-cccc-4c3c-a000-000000000004', 'Laugh Track', '2005-03-14 00:00:00+00', '11111111-aaaa-4a1a-8000-000000000004', 2.50, 7, '44444444-dddd-4d4d-b000-000000000004', '.png', 'AVAILABLE'),
  ('33333333-cccc-4c3c-a000-000000000005', 'Midnight Shadows', '2016-10-31 00:00:00+00', '11111111-aaaa-4a1a-8000-000000000007', 7.80, 3, '44444444-dddd-4d4d-b000-000000000005', '.jpg', 'AVAILABLE'),
  ('33333333-cccc-4c3c-a000-000000000006', 'Haunted Manor', '1998-10-01 00:00:00+00', '11111111-aaaa-4a1a-8000-000000000005', 5.20, 5, '44444444-dddd-4d4d-b000-000000000006', '.jpg', 'AVAILABLE'),
  ('33333333-cccc-4c3c-a000-000000000007', 'Skybound Kingdom', '2012-06-09 00:00:00+00', '11111111-aaaa-4a1a-8000-000000000006', 8.40, 4, '44444444-dddd-4d4d-b000-000000000007', '.png', 'AVAILABLE'),
  ('33333333-cccc-4c3c-a000-000000000008', 'Crimson Dawn', '2019-01-18 00:00:00+00', '11111111-aaaa-4a1a-8000-000000000002', 12.00, 2, '44444444-dddd-4d4d-b000-000000000008', '.jpg', 'AVAILABLE'),
  ('33333333-cccc-4c3c-a000-000000000009', 'Golden Strings', '2001-09-01 00:00:00+00', '11111111-aaaa-4a1a-8000-000000000003', 4.75, 6, '44444444-dddd-4d4d-b000-000000000009', '.png', 'AVAILABLE'),
  ('33333333-cccc-4c3c-a000-00000000000a', 'Campus Chaos', '2007-04-07 00:00:00+00', '11111111-aaaa-4a1a-8000-000000000004', 2.90, 8, '44444444-dddd-4d4d-b000-00000000000a', '.jpg', 'AVAILABLE'),
  ('33333333-cccc-4c3c-a000-00000000000b', 'Frostbound Quest', '2014-12-12 00:00:00+00', '11111111-aaaa-4a1a-8000-000000000006', 9.20, 3, '44444444-dddd-4d4d-b000-00000000000b', '.png', 'AVAILABLE'),
  ('33333333-cccc-4c3c-a000-00000000000c', 'Silent Passage', '2008-08-22 00:00:00+00', '11111111-aaaa-4a1a-8000-000000000007', 3.80, 5, '44444444-dddd-4d4d-b000-00000000000c', '.jpg', 'AVAILABLE'),
  ('33333333-cccc-4c3c-a000-00000000000d', 'Eternal Ember', '2017-02-15 00:00:00+00', '11111111-aaaa-4a1a-8000-000000000005', 6.90, 4, '44444444-dddd-4d4d-b000-00000000000d', '.png', 'AVAILABLE'),
  ('33333333-cccc-4c3c-a000-00000000000e', 'City of Echoes', '2013-09-27 00:00:00+00', '11111111-aaaa-4a1a-8000-000000000003', 5.10, 6, '44444444-dddd-4d4d-b000-00000000000e', '.jpg', 'AVAILABLE'),
  ('33333333-cccc-4c3c-a000-00000000000f', 'Summer Letters', '2002-06-18 00:00:00+00', '11111111-aaaa-4a1a-8000-000000000008', 3.60, 5, '44444444-dddd-4d4d-b000-00000000000f', '.jpg', 'AVAILABLE');

-- Rentals (32) spread across users and tapes
INSERT INTO rentals (id, vhs_id, user_id, rental_date, due_date, return_date, price, version) VALUES
  ('55555555-eeee-4e5e-c000-000000000001', '33333333-cccc-4c3c-a000-000000000001', '22222222-bbbb-4b2b-9000-000000000001', '2025-01-05 10:00:00+00', '2025-01-08 10:00:00+00', '2025-01-08 09:00:00+00', 19.50, 0),
  ('55555555-eeee-4e5e-c000-000000000002', '33333333-cccc-4c3c-a000-000000000002', '22222222-bbbb-4b2b-9000-000000000001', '2025-01-10 12:00:00+00', '2025-01-13 12:00:00+00', '2025-01-13 11:00:00+00', 12.00, 0),
  ('55555555-eeee-4e5e-c000-000000000003', '33333333-cccc-4c3c-a000-000000000003', '22222222-bbbb-4b2b-9000-000000000001', '2025-01-15 09:00:00+00', '2025-01-18 09:00:00+00', '2025-01-18 08:00:00+00', 9.90, 0),
  ('55555555-eeee-4e5e-c000-000000000004', '33333333-cccc-4c3c-a000-000000000004', '22222222-bbbb-4b2b-9000-000000000001', '2025-02-02 14:00:00+00', '2025-02-05 14:00:00+00', '2025-02-06 14:00:00+00', 8.00, 0),
  ('55555555-eeee-4e5e-c000-000000000005', '33333333-cccc-4c3c-a000-000000000005', '22222222-bbbb-4b2b-9000-000000000002', '2025-01-06 16:00:00+00', '2025-01-09 16:00:00+00', '2025-01-10 10:00:00+00', 26.00, 0),
  ('55555555-eeee-4e5e-c000-000000000006', '33333333-cccc-4c3c-a000-000000000006', '22222222-bbbb-4b2b-9000-000000000002', '2025-01-12 08:00:00+00', '2025-01-15 08:00:00+00', '2025-01-15 07:30:00+00', 15.60, 0),
  ('55555555-eeee-4e5e-c000-000000000007', '33333333-cccc-4c3c-a000-000000000007', '22222222-bbbb-4b2b-9000-000000000002', '2025-01-20 10:00:00+00', '2025-01-23 10:00:00+00', '2025-01-24 10:00:00+00', 30.24, 0),
  ('55555555-eeee-4e5e-c000-000000000008', '33333333-cccc-4c3c-a000-000000000008', '22222222-bbbb-4b2b-9000-000000000002', '2025-02-01 11:00:00+00', '2025-02-04 11:00:00+00', '2025-02-03 18:00:00+00', 36.00, 0),
  ('55555555-eeee-4e5e-c000-000000000009', '33333333-cccc-4c3c-a000-000000000009', '22222222-bbbb-4b2b-9000-000000000003', '2025-01-03 09:00:00+00', '2025-01-06 09:00:00+00', '2025-01-06 08:00:00+00', 14.25, 0),
  ('55555555-eeee-4e5e-c000-00000000000a', '33333333-cccc-4c3c-a000-00000000000a', '22222222-bbbb-4b2b-9000-000000000003', '2025-01-08 10:00:00+00', '2025-01-11 10:00:00+00', '2025-01-10 20:00:00+00', 8.70, 0),
  ('55555555-eeee-4e5e-c000-00000000000b', '33333333-cccc-4c3c-a000-00000000000b', '22222222-bbbb-4b2b-9000-000000000003', '2025-01-22 15:00:00+00', '2025-01-25 15:00:00+00', '2025-01-26 09:00:00+00', 27.60, 0),
  ('55555555-eeee-4e5e-c000-00000000000c', '33333333-cccc-4c3c-a000-00000000000c', '22222222-bbbb-4b2b-9000-000000000003', '2025-02-05 12:00:00+00', '2025-02-08 12:00:00+00', '2025-02-08 12:30:00+00', 13.30, 0),
  ('55555555-eeee-4e5e-c000-00000000000d', '33333333-cccc-4c3c-a000-00000000000d', '22222222-bbbb-4b2b-9000-000000000004', '2025-01-04 11:00:00+00', '2025-01-07 11:00:00+00', '2025-01-06 19:00:00+00', 20.70, 0),
  ('55555555-eeee-4e5e-c000-00000000000e', '33333333-cccc-4c3c-a000-00000000000e', '22222222-bbbb-4b2b-9000-000000000004', '2025-01-09 13:00:00+00', '2025-01-12 13:00:00+00', '2025-01-12 12:00:00+00', 15.30, 0),
  ('55555555-eeee-4e5e-c000-00000000000f', '33333333-cccc-4c3c-a000-00000000000f', '22222222-bbbb-4b2b-9000-000000000004', '2025-01-14 14:00:00+00', '2025-01-17 14:00:00+00', '2025-01-18 09:00:00+00', 10.80, 0),
  ('55555555-eeee-4e5e-c000-000000000010', '33333333-cccc-4c3c-a000-000000000001', '22222222-bbbb-4b2b-9000-000000000004', '2025-02-02 09:00:00+00', '2025-02-05 09:00:00+00', '2025-02-05 08:00:00+00', 19.50, 0),
  ('55555555-eeee-4e5e-c000-000000000011', '33333333-cccc-4c3c-a000-000000000002', '22222222-bbbb-4b2b-9000-000000000005', '2025-01-06 10:00:00+00', '2025-01-09 10:00:00+00', '2025-01-09 09:30:00+00', 12.00, 0),
  ('55555555-eeee-4e5e-c000-000000000012', '33333333-cccc-4c3c-a000-000000000003', '22222222-bbbb-4b2b-9000-000000000005', '2025-01-11 11:00:00+00', '2025-01-14 11:00:00+00', '2025-01-14 11:00:00+00', 9.90, 0),
  ('55555555-eeee-4e5e-c000-000000000013', '33333333-cccc-4c3c-a000-000000000004', '22222222-bbbb-4b2b-9000-000000000005', '2025-01-18 12:00:00+00', '2025-01-21 12:00:00+00', '2025-01-20 18:00:00+00', 7.50, 0),
  ('55555555-eeee-4e5e-c000-000000000014', '33333333-cccc-4c3c-a000-000000000005', '22222222-bbbb-4b2b-9000-000000000005', '2025-02-01 15:00:00+00', '2025-02-04 15:00:00+00', '2025-02-05 09:00:00+00', 23.40, 0),
  ('55555555-eeee-4e5e-c000-000000000015', '33333333-cccc-4c3c-a000-000000000006', '22222222-bbbb-4b2b-9000-000000000001', '2025-02-10 10:00:00+00', '2025-02-13 10:00:00+00', '2025-02-13 09:00:00+00', 15.60, 0),
  ('55555555-eeee-4e5e-c000-000000000016', '33333333-cccc-4c3c-a000-000000000007', '22222222-bbbb-4b2b-9000-000000000002', '2025-02-12 11:00:00+00', '2025-02-15 11:00:00+00', '2025-02-16 08:00:00+00', 33.04, 0),
  ('55555555-eeee-4e5e-c000-000000000017', '33333333-cccc-4c3c-a000-000000000008', '22222222-bbbb-4b2b-9000-000000000003', '2025-02-14 12:00:00+00', '2025-02-17 12:00:00+00', '2025-02-17 10:00:00+00', 36.00, 0),
  ('55555555-eeee-4e5e-c000-000000000018', '33333333-cccc-4c3c-a000-000000000009', '22222222-bbbb-4b2b-9000-000000000004', '2025-02-16 13:00:00+00', '2025-02-19 13:00:00+00', '2025-02-19 12:00:00+00', 14.25, 0),
  ('55555555-eeee-4e5e-c000-000000000019', '33333333-cccc-4c3c-a000-00000000000a', '22222222-bbbb-4b2b-9000-000000000005', '2025-02-18 14:00:00+00', '2025-02-21 14:00:00+00', '2025-02-21 13:00:00+00', 8.70, 0),
  ('55555555-eeee-4e5e-c000-00000000001a', '33333333-cccc-4c3c-a000-00000000000b', '22222222-bbbb-4b2b-9000-000000000002', '2025-02-20 09:00:00+00', '2025-02-23 09:00:00+00', '2025-02-24 09:00:00+00', 30.36, 0),
  ('55555555-eeee-4e5e-c000-00000000001b', '33333333-cccc-4c3c-a000-00000000000c', '22222222-bbbb-4b2b-9000-000000000003', '2025-02-22 10:00:00+00', '2025-02-25 10:00:00+00', NULL, NULL, 0),
  ('55555555-eeee-4e5e-c000-00000000001c', '33333333-cccc-4c3c-a000-00000000000d', '22222222-bbbb-4b2b-9000-000000000004', '2025-02-24 11:00:00+00', '2025-02-27 11:00:00+00', NULL, NULL, 0),
  ('55555555-eeee-4e5e-c000-00000000001d', '33333333-cccc-4c3c-a000-00000000000e', '22222222-bbbb-4b2b-9000-000000000001', '2025-02-26 12:00:00+00', '2025-03-01 12:00:00+00', NULL, NULL, 0),
  ('55555555-eeee-4e5e-c000-00000000001e', '33333333-cccc-4c3c-a000-00000000000f', '22222222-bbbb-4b2b-9000-000000000002', '2025-02-28 13:00:00+00', '2025-03-03 13:00:00+00', NULL, NULL, 0),
  ('55555555-eeee-4e5e-c000-00000000001f', '33333333-cccc-4c3c-a000-000000000001', '22222222-bbbb-4b2b-9000-000000000003', '2025-03-02 14:00:00+00', '2025-03-05 14:00:00+00', NULL, NULL, 0),
  ('55555555-eeee-4e5e-c000-000000000020', '33333333-cccc-4c3c-a000-000000000002', '22222222-bbbb-4b2b-9000-000000000004', '2025-03-04 15:00:00+00', '2025-03-07 15:00:00+00', NULL, NULL, 0);

-- Reviews (15) - at least 3 per user, linked to completed rentals
INSERT INTO reviews (id, rental_id, rating, comment) VALUES
  ('66666666-ffff-4f6f-d000-000000000001', '55555555-eeee-4e5e-c000-000000000001', 4.5, 'Great sci-fi adventure, visuals hold up!'),
  ('66666666-ffff-4f6f-d000-000000000002', '55555555-eeee-4e5e-c000-000000000002', 3.0, 'Solid action, predictable plot.'),
  ('66666666-ffff-4f6f-d000-000000000003', '55555555-eeee-4e5e-c000-000000000003', 5.0, 'Emotional drama with strong performances.'),
  ('66666666-ffff-4f6f-d000-000000000004', '55555555-eeee-4e5e-c000-000000000004', 2.5, 'Comedy was uneven but a few good laughs.'),
  ('66666666-ffff-4f6f-d000-000000000005', '55555555-eeee-4e5e-c000-000000000005', 4.0, 'Tense thriller, great atmosphere.'),
  ('66666666-ffff-4f6f-d000-000000000006', '55555555-eeee-4e5e-c000-000000000006', 3.8, 'Classic haunted house vibes.'),
  ('66666666-ffff-4f6f-d000-000000000007', '55555555-eeee-4e5e-c000-000000000007', 4.2, 'Epic fantasy worldbuilding.'),
  ('66666666-ffff-4f6f-d000-000000000008', '55555555-eeee-4e5e-c000-000000000008', 4.9, 'Action-packed and stylish.'),
  ('66666666-ffff-4f6f-d000-000000000009', '55555555-eeee-4e5e-c000-000000000009', 3.6, 'Heartfelt drama, pacing slow at times.'),
  ('66666666-ffff-4f6f-d000-00000000000a', '55555555-eeee-4e5e-c000-00000000000a', 3.1, 'Light comedy, easy watch.'),
  ('66666666-ffff-4f6f-d000-00000000000b', '55555555-eeee-4e5e-c000-00000000000b', 4.7, 'Fantasy quest with great soundtrack.'),
  ('66666666-ffff-4f6f-d000-00000000000c', '55555555-eeee-4e5e-c000-00000000000c', 3.9, 'Slow-burn thriller, satisfying ending.'),
  ('66666666-ffff-4f6f-d000-00000000000d', '55555555-eeee-4e5e-c000-00000000000d', 4.4, 'Horror with inventive scares.'),
  ('66666666-ffff-4f6f-d000-00000000000e', '55555555-eeee-4e5e-c000-00000000000e', 3.7, 'Decent romance with charming leads.'),
  ('66666666-ffff-4f6f-d000-00000000000f', '55555555-eeee-4e5e-c000-00000000000f', 4.1, 'Touching story, beautiful music.');
